DROP TABLE BOOKINGS;
DROP TABLE TABLES;
DROP TABLE ORDER_MENU;
DROP TABLE MENU_MEAL;
DROP TABLE MENU_DRINK;
DROP TABLE MENUS;
DROP TABLE DRINKS;
DROP TABLE MEALS;
DROP TABLE ORDERS; 
DROP TABLE RESTAURANT_EMPLOYEES; 
DROP TABLE RESTAURANT_JOBS;
DROP TABLE RESTAURANT_DEPARTMENTS;
DROP TABLE SECTIONS;
DROP TABLE LOCATION_EMPLOYEES; 
DROP TABLE COUNTRIES_EMPLOYEES; 
DROP TABLE CUSTOMERS;

--CREARE TABELE
CREATE TABLE LOCATION_EMPLOYEES(
    location_id NUMBER(5) PRIMARY KEY,
    street VARCHAR2(50) NOT NULL,
    city VARCHAR2(50) NOT NULL,
    country_id NUMBER(5) NOT NULL
);

CREATE TABLE COUNTRIES_EMPLOYEES(
    country_id NUMBER(5) PRIMARY KEY,
    country_name VARCHAR2(50) NOT NULL
);

CREATE TABLE CUSTOMERS(
    customer_id NUMBER(5) PRIMARY KEY,
    first_name VARCHAR2(50) NOT NULL,
    last_name VARCHAR2(50) NOT NULL,
    email VARCHAR2(50) NOT NULL,
    phone_number VARCHAR2(50) NOT NULL
);

CREATE TABLE BOOKINGS(
  customer_id NUMBER(5),
  table_id NUMBER(5),
  section_id NUMBER(5),
  reservation_date DATE DEFAULT SYSDATE,
  nr_hours NUMBER(5) DEFAULT 1 NOT NULL
);

CREATE TABLE TABLES(
    table_id NUMBER(5),
    section_id NUMBER(5),
    number_chairs NUMBER(5) DEFAULT 2,
    status VARCHAR2(50) DEFAULT 'NOT BOOKED' NOT NULL
);

CREATE TABLE SECTIONS(
    section_id NUMBER(5) PRIMARY KEY,
    section_name VARCHAR2(50) NOT NULL,
    smoking_area CHAR(1)
);

CREATE TABLE ORDERS(
  order_id NUMBER(5) PRIMARY KEY,
  status VARCHAR2(50) NOT NULL,
  customer_id NUMBER(5),
  employee_id NUMBER(5)
);

CREATE TABLE ORDER_MENU(
    order_id NUMBER(5),
    menu_id NUMBER(5),
    quantity NUMBER(5) NOT NULL
);

CREATE TABLE MENUS(
    menu_id NUMBER(5) PRIMARY KEY,
    menu_name VARCHAR2(50) NOT NULL,
    price NUMBER(5,2) NOT NULL
);

CREATE TABLE MENU_DRINK(
    menu_id NUMBER(5),
    drink_id NUMBER(5)
);

CREATE TABLE MENU_MEAL(
    menu_id NUMBER(5),
    meal_id NUMBER(5)
);

CREATE TABLE DRINKS(
    drink_id NUMBER(5) PRIMARY KEY,
    drink_name VARCHAR2(50) NOT NULL,
    quantity NUMBER(5) NOT NULL
);

CREATE TABLE MEALS(
    meal_id NUMBER(5) PRIMARY KEY,
    meal_name VARCHAR2(50) NOT NULL,
    quantity NUMBER(5) NOT NULL,
    employee_id NUMBER(5)
);

CREATE TABLE RESTAURANT_EMPLOYEES(
    employee_id NUMBER(5) PRIMARY KEY,
    first_name VARCHAR2(50) NOT NULL,
    last_name VARCHAR2(50) NOT NULL,
    email VARCHAR2(50) NOT NULL,
    phone_number VARCHAR2(50) NOT NULL,
    salary NUMBER(5) NOT NULL,
    job_id NUMBER(5) NOT NULL,
    superior_id NUMBER(5),
    location_id NUMBER(5),
    hire_date DATE DEFAULT SYSDATE
);

CREATE TABLE RESTAURANT_JOBS(
    job_id NUMBER(5) PRIMARY KEY,
    job_name VARCHAR2(50) NOT NULL,
    min_salary NUMBER(5)  NOT NULL,
    max_salary NUMBER(5),
    department_id NUMBER(5) NOT NULL
);

CREATE TABLE RESTAURANT_DEPARTMENTS(
    department_id NUMBER(5) PRIMARY KEY,
    department_name VARCHAR2(50) NOT NULL,
    number_max_employees NUMBER(5)
);


--ADAUGARE CONSTRANGERI
ALTER TABLE LOCATION_EMPLOYEES
    ADD CONSTRAINT FK_COUNTRY FOREIGN KEY (country_id) REFERENCES COUNTRIES_EMPLOYEES(country_id);

ALTER TABLE SECTIONS
    ADD CONSTRAINT CHECK_SMOKING_AREA CHECK ( smoking_area IN ('Y', 'N') );

ALTER TABLE CUSTOMERS
    ADD CONSTRAINT CHECK_EMAIL CHECK( REGEXP_LIKE (email, '[a-z0-9]+@[a-z]+\.[a-z]{2,3}'))
    ADD CONSTRAINT CHECK_PHONE_NUMBER CHECK ( REGEXP_LIKE(phone_number, '^(\+4|)?(07[0-8]{1}[0-9]{1}|02[0-9]{2}|03[0-9]{2}){1}?(\s|\.|\-)?([0-9]{3}(\s|\.|\-|)){2}$') );

ALTER TABLE TABLES
    ADD CONSTRAINT PK_TABLE_SECTION PRIMARY KEY (table_id, section_id)
    ADD CONSTRAINT FK_SECTION FOREIGN KEY (section_id) REFERENCES SECTIONS(section_id);

ALTER TABLE BOOKINGS
    ADD CONSTRAINT PK_CUSTOMER_TABLE_SECTION PRIMARY KEY (customer_id, table_id, section_id, reservation_date)
    ADD CONSTRAINT FK_CUSTOMER FOREIGN KEY (customer_id) REFERENCES CUSTOMERS(customer_id)
    ADD CONSTRAINT FK_TABLE_SECTION FOREIGN KEY (table_id, section_id) REFERENCES TABLES(table_id, section_id);

ALTER TABLE RESTAURANT_JOBS
    ADD CONSTRAINT FK_DEPARTMENT FOREIGN KEY (department_id) REFERENCES RESTAURANT_DEPARTMENTS(department_id);

ALTER TABLE RESTAURANT_EMPLOYEES
    ADD CONSTRAINT FK_JOB FOREIGN KEY (job_id) REFERENCES RESTAURANT_JOBS(job_id)
    ADD CONSTRAINT CHECK_EMAIL_EMPLOYEE CHECK( REGEXP_LIKE (email, '[a-z0-9]+@[a-z]+\.[a-z]{2,3}'))
    ADD CONSTRAINT CHECK_PHONE_NUMBER_EMPLOYEE CHECK ( REGEXP_LIKE(phone_number, '^(\+4|)?(07[0-8]{1}[0-9]{1}|02[0-9]{2}|03[0-9]{2}){1}?(\s|\.|\-)?([0-9]{3}(\s|\.|\-|)){2}$') )
    ADD CONSTRAINT FK_SUPERIOR FOREIGN KEY (employee_id) REFERENCES RESTAURANT_EMPLOYEES(employee_id)
    ADD CONSTRAINT FK_LOCATION FOREIGN KEY (location_id) REFERENCES LOCATION_EMPLOYEES(location_id);

ALTER TABLE ORDERS
    ADD CONSTRAINT FK_CUSTOMER_ORDER FOREIGN KEY (customer_id) REFERENCES CUSTOMERS(customer_id)
    ADD CONSTRAINT FK_EMPLOYEE_ORDER FOREIGN KEY (employee_id) REFERENCES RESTAURANT_EMPLOYEES(employee_id)
    ADD CONSTRAINT CHECK_STATUS_ORDER CHECK ( status IN ('PENDING', 'COMPLETED') );

ALTER TABLE ORDER_MENU
    ADD CONSTRAINT PK_ORDER_MENU PRIMARY KEY (order_id, menu_id)
    ADD CONSTRAINT FK_ORDER FOREIGN KEY (order_id) REFERENCES ORDERS(order_id)
    ADD CONSTRAINT FK_MENU FOREIGN KEY (menu_id) REFERENCES MENUS(menu_id);

ALTER TABLE MENU_DRINK
    ADD CONSTRAINT PK_MENU_DRINK PRIMARY KEY (menu_id, drink_id)
    ADD CONSTRAINT FK_MENU_D FOREIGN KEY (menu_id) REFERENCES MENUS(menu_id)
    ADD CONSTRAINT FK_DRINK FOREIGN KEY (drink_id) REFERENCES DRINKS(drink_id);

ALTER TABLE MENU_MEAL
    ADD CONSTRAINT PK_MENU_MEAL PRIMARY KEY (menu_id, meal_id)
    ADD CONSTRAINT FK_MENU_M FOREIGN KEY (menu_id) REFERENCES MENUS(menu_id)
    ADD CONSTRAINT FK_MEAL FOREIGN KEY (meal_id) REFERENCES MEALS(meal_id);

ALTER TABLE MEALS
    ADD CONSTRAINT FK_EMP FOREIGN KEY (employee_id) REFERENCES RESTAURANT_EMPLOYEES(employee_id);

--INSERARE DATE IN TABELE
-- INSERARE DATE - SECTIONS
INSERT INTO SECTIONS
VALUES (1, 'Parter', 'N');

INSERT INTO SECTIONS
VALUES (2, 'Etajul 1', 'N');

INSERT INTO SECTIONS
VALUES (3, 'Terasa Etajul 1', 'Y');

INSERT INTO SECTIONS
VALUES (4, 'Etajul 2', 'N');

INSERT INTO SECTIONS
VALUES (5, 'Terasa Etajul 2', 'Y');

-- INSERARE DATE - TABLES
INSERT INTO TABLES (table_id, section_id, number_chairs)
VALUES (1, 1, 4);

INSERT INTO TABLES (table_id, section_id, number_chairs)
VALUES (2, 1, 3);

INSERT INTO TABLES (table_id, section_id)
VALUES (1, 2);

INSERT INTO TABLES (table_id, section_id, number_chairs)
VALUES (2, 2, 4);

INSERT INTO TABLES (table_id, section_id, number_chairs)
VALUES (1, 3, 2);

INSERT INTO TABLES (table_id, section_id, number_chairs)
VALUES (2, 3, 4);

INSERT INTO TABLES (table_id, section_id, number_chairs)
VALUES (3, 3, 3);

INSERT INTO TABLES (table_id, section_id, number_chairs)
VALUES (1, 4, 4);

INSERT INTO TABLES (table_id, section_id, number_chairs)
VALUES (2, 4, 4);

INSERT INTO TABLES (table_id, section_id, number_chairs)
VALUES (2, 5, 2);

INSERT INTO TABLES (table_id, section_id, number_chairs)
VALUES (3, 5, 3);

-- INSERARE DATE - CUSTOMERS
INSERT INTO CUSTOMERS (customer_id, first_name, last_name, email, phone_number)
VALUES (1, 'FLAVIUS', 'STAN', 'fstan@gmail.com', '0743758675');

INSERT INTO CUSTOMERS
VALUES (2, 'OCTAVIAN', 'POPESCU', 'opopescu@yahoo.com', '0756475384');

INSERT INTO CUSTOMERS
VALUES (3, 'ANDREI', 'ANDREESCU', 'andreia@outlook.com', '0789345748');

INSERT INTO CUSTOMERS
VALUES (4, 'ION', 'IONESCU', 'iion20@gmail.com', '0765887465');

INSERT INTO CUSTOMERS
VALUES (5, 'ALIN', 'STOICA', 'Astoica@gmail.com', '0789098456');

-- INSERARE DATE BOOKING
INSERT INTO BOOKINGS (customer_id, table_id, section_id, reservation_date)
VALUES (2, 1, 1, TO_DATE('2022-01-01 17:30', 'YYYY-MM-DD HH24:MI'));

INSERT INTO BOOKINGS
VALUES (2, 2, 1, TO_DATE('2022-01-02 18:30', 'YYYY-MM-DD HH24:MI'), 2);

INSERT INTO BOOKINGS
VALUES (2, 2, 1, TO_DATE('2022-01-01 21:30', 'YYYY-MM-DD HH24:MI'), 2);

INSERT INTO BOOKINGS
VALUES (1, 3, 3, TO_DATE('2022-01-03 21:30', 'YYYY-MM-DD HH24:MI'), 2);

INSERT INTO BOOKINGS
VALUES (3, 2, 1, TO_DATE('2022-01-01 11:30', 'YYYY-MM-DD HH24:MI'), 2);

INSERT INTO BOOKINGS
VALUES (4, 1, 2, TO_DATE('2022-01-05 18:00', 'YYYY-MM-DD HH24:MI'), 2);

INSERT INTO BOOKINGS
VALUES (5, 2, 3, TO_DATE('2022-01-05 16:00', 'YYYY-MM-DD HH24:MI'), 2);

INSERT INTO BOOKINGS
VALUES (5, 1, 2, TO_DATE('2022-01-07 20:00', 'YYYY-MM-DD HH24:MI'), 3);

INSERT INTO BOOKINGS
VALUES (2, 1, 4, TO_DATE('2022-01-07 20:00', 'YYYY-MM-DD HH24:MI'), 3);

INSERT INTO BOOKINGS
VALUES (2, 1, 4, TO_DATE('2022-01-08 16:00', 'YYYY-MM-DD HH24:MI'), 4);

INSERT INTO BOOKINGS
VALUES (1, 2, 5, TO_DATE('2022-01-10 16:00', 'YYYY-MM-DD HH24:MI'), 2);

INSERT INTO BOOKINGS
VALUES (2, 1, 4, TO_DATE('2021-12-07 20:00', 'YYYY-MM-DD HH24:MI'), 3);

INSERT INTO BOOKINGS
VALUES (2, 1, 4, TO_DATE('2021-11-08 16:00', 'YYYY-MM-DD HH24:MI'), 4);

INSERT INTO BOOKINGS
VALUES (1, 2, 5, TO_DATE('2021-10-10 16:00', 'YYYY-MM-DD HH24:MI'), 2);

-- INSERARE DATE - RESTAURANT_DEPARTMENTS
INSERT INTO RESTAURANT_DEPARTMENTS
VALUES (1, 'Servire', 4);

INSERT INTO RESTAURANT_DEPARTMENTS
VALUES (2, 'Curatenie', 5);

INSERT INTO RESTAURANT_DEPARTMENTS
VALUES (3, 'Bucatarie', 15);

INSERT INTO RESTAURANT_DEPARTMENTS
VALUES (4, 'Administrare', 5);

INSERT INTO RESTAURANT_DEPARTMENTS
VALUES (5, 'Marketing', 10);

INSERT INTO RESTAURANT_DEPARTMENTS
VALUES (6, 'HR', 10);

INSERT INTO RESTAURANT_DEPARTMENTS
VALUES (7, 'Livrare', 10);

-- INSERARE DATE RESTAURANT_JOBS
INSERT INTO RESTAURANT_JOBS
VALUES (1, 'Administrator', 10000, 20000, 4);

INSERT INTO RESTAURANT_JOBS
VALUES (2, 'Finantator', 10000, 20000, 4);

INSERT INTO RESTAURANT_JOBS
VALUES (3, 'Director', 15000, 20000, 4);

INSERT INTO RESTAURANT_JOBS
VALUES (4, 'Chelner', 3000, 5000, 1);

INSERT INTO RESTAURANT_JOBS
VALUES (5, 'Sef chelneri', 5000, 6000, 1);

INSERT INTO RESTAURANT_JOBS
VALUES (6, 'Om de serviciu', 2000, 3000, 2);

INSERT INTO RESTAURANT_JOBS
VALUES (7, 'Bucatar Chef', 8000, 10000, 3);

INSERT INTO RESTAURANT_JOBS
VALUES (8, 'Bucatar', 7000, 8000, 3);

INSERT INTO RESTAURANT_JOBS
VALUES (9, 'Ucenic bucatarie', 3500, 5000, 3);

INSERT INTO RESTAURANT_JOBS
VALUES (10, 'Director Marketing', 8000, 10000, 5);

INSERT INTO RESTAURANT_JOBS
VALUES (11, 'Designer', 6500, 8000, 5);

-- INSERARE DATE COUNTRIES_EMPLOYEES
INSERT INTO COUNTRIES_EMPLOYEES
VALUES (1, 'Romania');

INSERT INTO COUNTRIES_EMPLOYEES
VALUES (2, 'Anglia');

INSERT INTO COUNTRIES_EMPLOYEES
VALUES (3, 'Filipine');

INSERT INTO COUNTRIES_EMPLOYEES
VALUES (4, 'Grecia');

INSERT INTO COUNTRIES_EMPLOYEES
VALUES (5, 'Spania');

INSERT INTO COUNTRIES_EMPLOYEES
VALUES (6, 'India');

INSERT INTO COUNTRIES_EMPLOYEES
VALUES (7, 'Republica Moldova');

-- INSERARE DATE LOCATION_EMPLOYEES
INSERT INTO LOCATION_EMPLOYEES
VALUES (1, 'Str. Lumanarilor', 'Bucuresti', 1);

INSERT INTO LOCATION_EMPLOYEES
VALUES (2, 'Str. Florilor', 'Bucuresti', 1);

INSERT INTO LOCATION_EMPLOYEES
VALUES (3, 'Str. Eucaliptilor', 'Iasi', 1);

INSERT INTO LOCATION_EMPLOYEES
VALUES (4, 'Str. Craciunului', 'Iasi', 1);

INSERT INTO LOCATION_EMPLOYEES
VALUES (5, 'London Str.', 'Londra', 2);

INSERT INTO LOCATION_EMPLOYEES
VALUES (6, 'Wembley Str.', 'Londra', 2);

INSERT INTO LOCATION_EMPLOYEES
VALUES (7, 'Santiago Str.', 'Madrid', 5);

INSERT INTO LOCATION_EMPLOYEES
VALUES (8, 'Athletic Str.', 'Bilbao', 5);

INSERT INTO LOCATION_EMPLOYEES
VALUES (9, 'Nico Str.', 'Barcelona', 5);

INSERT INTO LOCATION_EMPLOYEES
VALUES (10, 'Str. Zimbrilor', 'Chisinau', 7);

INSERT INTO LOCATION_EMPLOYEES
VALUES (11, 'Athena Str.', 'Atena', 4);

-- INSERARE DATE - RESTAURANT_EMPLOYEES
INSERT INTO RESTAURANT_EMPLOYEES
VALUES (1, 'Nicolae', 'Nicolescu', 'nniiico@gmail.com', '0789657456', 15000, 3, NULL, 1, TO_DATE('2020-05-01', 'YYYY-MM-DD'));

INSERT INTO RESTAURANT_EMPLOYEES
VALUES (2, 'Iulian', 'Cezar', 'iulius@gmail.com', '0723465234', 10000, 1, 1, 1, TO_DATE('2020-05-10', 'YYYY-MM-DD'));

INSERT INTO RESTAURANT_EMPLOYEES
VALUES (3, 'Marian', 'Marin', 'mmarin@gmail.com', '0737465908', 10000, 2, 1, 2,  TO_DATE('2020-05-10', 'YYYY-MM-DD'));

INSERT INTO RESTAURANT_EMPLOYEES
VALUES (4, 'Charles', 'Gaulle', 'cgaulle@gmail.com', '0738098678', 8500, 7, 1, 7,  TO_DATE('2020-05-15', 'YYYY-MM-DD'));

INSERT INTO RESTAURANT_EMPLOYEES
VALUES (5, 'Marco', 'Alarcon', 'alarmarco@gmail.com', '0733456876', 7000, 8, 4, 9,  TO_DATE('2020-05-20', 'YYYY-MM-DD'));

INSERT INTO RESTAURANT_EMPLOYEES
VALUES (6, 'Iulian', 'Margaritescu', 'iuli@gmail.com', '0732465783', 7000, 8, 4, 4,  TO_DATE('2020-05-20', 'YYYY-MM-DD'));

INSERT INTO RESTAURANT_EMPLOYEES
VALUES (7, 'Andres', 'Martino', 'amartino@gmail.com', '0734587657', 3500, 9, 5, 8,  TO_DATE('2020-06-10', 'YYYY-MM-DD'));

INSERT INTO RESTAURANT_EMPLOYEES
VALUES (8, 'Andrew', 'Parker', 'aparker@gmail.com', '0732345675', 3500, 9, 6, 5,  TO_DATE('2020-06-10', 'YYYY-MM-DD'));

INSERT INTO RESTAURANT_EMPLOYEES
VALUES (9, 'Carol', 'Rice', 'crice@gmail.com', '0731409857', 3500, 9, 6, 6,  TO_DATE('2020-06-15', 'YYYY-MM-DD'));

INSERT INTO RESTAURANT_EMPLOYEES
VALUES (10, 'Anton', 'Radu', 'aradu@gmail.com', '0731234543', 2000, 6, 2, 10,  TO_DATE('2020-05-15', 'YYYY-MM-DD'));

INSERT INTO RESTAURANT_EMPLOYEES
VALUES (11, 'Raul', 'Franco', 'fraul@gmail.com', '0732345234', 2000, 6, 2, 9,  TO_DATE('2020-05-15', 'YYYY-MM-DD'));

INSERT INTO RESTAURANT_EMPLOYEES
VALUES (12, 'Andrei', 'Tanase', 'tanasea@gmail.com', '0732678365', 5000, 5, 1, 3,  TO_DATE('2020-05-25', 'YYYY-MM-DD'));

INSERT INTO RESTAURANT_EMPLOYEES
VALUES (13, 'Mihnea', 'Dobrin', 'mdobrin@gmail.com', '0738900987', 3000, 4, 12, 10,  TO_DATE('2020-05-30', 'YYYY-MM-DD'));

INSERT INTO RESTAURANT_EMPLOYEES
VALUES (14, 'Steven', 'Fritz', 'stevenf@gmail.com', '0734789564', 3000, 4, 12, 5,  TO_DATE('2020-05-30', 'YYYY-MM-DD'));

INSERT INTO RESTAURANT_EMPLOYEES
VALUES (15, 'Hachim', 'Rosario', 'rosarioh@gmail.com', '0731345627', 8000, 10, 2, 8,  TO_DATE('2020-05-30', 'YYYY-MM-DD'));

INSERT INTO RESTAURANT_EMPLOYEES
VALUES (16, 'Ion', 'Dandea', 'dandeai@gmail.com', '0731234432', 6500, 11, 15, 2,  TO_DATE('2020-07-01', 'YYYY-MM-DD'));

INSERT INTO RESTAURANT_EMPLOYEES
VALUES (17, 'Adrian', 'Serendiuc', 'serendiuca@gmail.com', '0732890675', 6500, 11, 15, 10,  TO_DATE('2020-07-01', 'YYYY-MM-DD'));

INSERT INTO RESTAURANT_EMPLOYEES
VALUES (18, 'Adrianopolous', 'Serenopolous', 'sereadrian@gmail.com', '0756784536', 6500, 11, 15, 11,  TO_DATE('2020-07-01', 'YYYY-MM-DD'));

INSERT INTO RESTAURANT_EMPLOYEES
VALUES (19, 'Marian', 'Ilie', 'mariii@gmail.com', '0754678345', 6500, 4, 12, 5,  TO_DATE('2020-07-01', 'YYYY-MM-DD'));

-- INSERARE DATE DRINKS
INSERT INTO DRINKS
VALUES (1, 'Apa', 1);

INSERT INTO DRINKS
VALUES (2, 'Vin Alb', 1);

INSERT INTO DRINKS
VALUES (3, 'Vin Rosu', 1);

INSERT INTO DRINKS
VALUES (4, 'Pepsi', 1);

INSERT INTO DRINKS
VALUES (5, 'Sprite', 1);

INSERT INTO DRINKS
VALUES (6, 'Apa minerala', 1);

-- INSERARE DATE MEALS
INSERT INTO MEALS
VALUES (1, 'Piept de rata', 5, 5);

INSERT INTO MEALS
VALUES (2, 'Piept de pui', 5, 6);

INSERT INTO MEALS
VALUES (3, 'Piure de cartofi', 5, 5);

INSERT INTO MEALS
VALUES (4, 'Piept de morcovi', 5, 6);

INSERT INTO MEALS
VALUES (5, 'Tort de ciocolata', 5, 4);

INSERT INTO MEALS
VALUES (6, 'Salata Caesar', 5, 4);

INSERT INTO MEALS
VALUES (7, 'Salata CREVETI', 5, 4);

INSERT INTO MEALS
VALUES (8, 'T-Bone steak', 5, 4);

INSERT INTO MEALS
VALUES (9, 'Salata fructe', 5, 5);

INSERT INTO MEALS
VALUES (10, 'Antreu fructe de mare', 5, 4);

INSERT INTO MEALS
VALUES (11, 'Tort de vanilie', 0, NULL);

INSERT INTO MEALS
VALUES (12, 'Tarta de fructe', 0, NULL);

-- INSERARE DATE - MENUS
INSERT INTO MENUS
VALUES (1, 'Meniu de familie', 300);

INSERT INTO MENUS
VALUES (2, 'Meniu Maxi', 400);

INSERT INTO MENUS
VALUES (3, 'Meniu Superior', 700);

INSERT INTO MENUS
VALUES (4, 'Meniu Surpriza', 500);

INSERT INTO MENUS
VALUES (5, 'Meniu a la Charles', 900);

-- INSERARE DATE - MENU_DRINKS
INSERT INTO MENU_DRINK
VALUES (1, 1);

INSERT INTO MENU_DRINK
VALUES (1, 4);

INSERT INTO MENU_DRINK
VALUES (1, 5);

INSERT INTO MENU_DRINK
VALUES (2, 2);

INSERT INTO MENU_DRINK
VALUES (2, 3);

INSERT INTO MENU_DRINK
VALUES (3, 2);

INSERT INTO MENU_DRINK
VALUES (3, 3);

INSERT INTO MENU_DRINK
VALUES (4, 1);

INSERT INTO MENU_DRINK
VALUES (4, 4);

INSERT INTO MENU_DRINK
VALUES (5, 2);

INSERT INTO MENU_DRINK
VALUES (5, 3);

-- INSERARE DATE MENU_MEAL
INSERT INTO MENU_MEAL
VALUES (1, 2);

INSERT INTO MENU_MEAL
VALUES (1, 3);

INSERT INTO MENU_MEAL
VALUES (1, 5);

INSERT INTO MENU_MEAL
VALUES (2, 1);

INSERT INTO MENU_MEAL
VALUES (2, 4);

INSERT INTO MENU_MEAL
VALUES (2, 5);

INSERT INTO MENU_MEAL
VALUES (3, 7);

INSERT INTO MENU_MEAL
VALUES (3, 8);

INSERT INTO MENU_MEAL
VALUES (4, 1);

INSERT INTO MENU_MEAL
VALUES (4, 3);

INSERT INTO MENU_MEAL
VALUES (4, 9);

INSERT INTO MENU_MEAL
VALUES (5, 10);

INSERT INTO MENU_MEAL
VALUES (5, 7);

INSERT INTO MENU_MEAL
VALUES (5, 5);

-- INSERARE DATE - ORDERS
INSERT INTO ORDERS
VALUES (1, 'COMPLETED', 1, 12);

INSERT INTO ORDERS
VALUES (2, 'COMPLETED', 1, 13);

INSERT INTO ORDERS
VALUES (3, 'COMPLETED', 1, 14);

INSERT INTO ORDERS
VALUES (4, 'COMPLETED', 1, 13);

INSERT INTO ORDERS
VALUES (5, 'COMPLETED', 1, 14);

-- INSERARE DATE ORDER_MENU
INSERT INTO ORDER_MENU
VALUES (1, 1, 1);

INSERT INTO ORDER_MENU
VALUES (1, 3, 1);

INSERT INTO ORDER_MENU
VALUES (2, 1, 1);

INSERT INTO ORDER_MENU
VALUES (2, 3, 1);

INSERT INTO ORDER_MENU
VALUES (3, 2, 2);

INSERT INTO ORDER_MENU
VALUES (4, 1, 1);

INSERT INTO ORDER_MENU
VALUES (4, 2, 1);

INSERT INTO ORDER_MENU
VALUES (4, 3, 1);

INSERT INTO ORDER_MENU
VALUES (5, 4, 1);

INSERT INTO ORDER_MENU
VALUES (5, 5, 1);

INSERT INTO ORDER_MENU
VALUES (3, 1, 1);

COMMIT;